Type,Name,Request Count,Failure Count,Median Response Time,Average Response Time,Min Response Time,Max Response Time,Average Content Size,Requests/s,Failures/s,50%,66%,75%,80%,90%,95%,98%,99%,99.9%,99.99%,100%
POST,/chat/completions,3458,0,62,96.83039667908406,40.256000007502735,767.5769580091583,368.0,118.9372891496725,0.0,62,73,97,110,160,260,470,710,760,770,770
,Aggregated,3458,0,62,96.83039667908406,40.256000007502735,767.5769580091583,368.0,118.9372891496725,0.0,62,73,97,110,160,260,470,710,760,770,770
