Type,Name,Request Count,Failure Count,Median Response Time,Average Response Time,Min Response Time,Max Response Time,Average Content Size,Requests/s,Failures/s,50%,66%,75%,80%,90%,95%,98%,99%,99.9%,99.99%,100%
POST,/chat/completions,978,0,130.0,209.8289057657652,46.22350000136066,1209.4538749952335,368.0,108.8437433457399,0.0,130,160,200,250,590,780,890,1000,1200,1200,1200
,Aggregated,978,0,130.0,209.8289057657652,46.22350000136066,1209.4538749952335,368.0,108.8437433457399,0.0,130,160,200,250,590,780,890,1000,1200,1200,1200
