Type,Name,Request Count,Failure Count,Median Response Time,Average Response Time,Min Response Time,Max Response Time,Average Content Size,Requests/s,Failures/s,50%,66%,75%,80%,90%,95%,98%,99%,99.9%,99.99%,100%
POST,/chat/completions,1002,0,120.0,189.471693904012,43.46675000851974,1453.0267079971964,368.0,111.18239707098273,0.0,120,160,190,230,410,540,1200,1200,1300,1500,1500
,Aggregated,1002,0,120.0,189.471693904012,43.46675000851974,1453.0267079971964,368.0,111.18239707098273,0.0,120,160,190,230,410,540,1200,1200,1300,1500,1500
