Type,Name,Request Count,Failure Count,Median Response Time,Average Response Time,Min Response Time,Max Response Time,Average Content Size,Requests/s,Failures/s,50%,66%,75%,80%,90%,95%,98%,99%,99.9%,99.99%,100%
POST,/chat/completions,16675,0,60,81.56371442527579,39.559374999953434,675.9787920018425,368.0,120.49632273544289,0.0,60,70,87,110,140,170,240,360,600,650,680
,Aggregated,16675,0,60,81.56371442527579,39.559374999953434,675.9787920018425,368.0,120.49632273544289,0.0,60,70,87,110,140,170,240,360,600,650,680
